<?xml version="1.0" encoding="utf-8" ?>
<Patch>
	<Operation Class="PatchOperationFindMod">
		<mods>
			<li>Vanilla Animals Expanded — Arid Shrubland</li>
		</mods>
		<match Class="PatchOperationSequence">
			<operations>
				<li Class="PatchOperationAdd">
					<xpath>/Defs/Revolus.DogsMate.AnimalGroupDef[defName="Cheetah"]/pawnKinds</xpath>
					<value>
						<li>AEXP_Cheetah</li>
					</value>
				</li>

				<li Class="PatchOperationAdd">
					<xpath>/Defs/Revolus.DogsMate.AnimalGroupDef[defName="Giraffe"]/pawnKinds</xpath>
					<value>
						<li>AEXP_Giraffe</li>
					</value>
				</li>
			</operations>
		</match>
	</Operation>
</Patch>
